{
  "test_read_data": {
    "lengths": [
      1750,
      250,
      500
    ]
  },
  "test_vocab": {
    "length": 7163,
    "tag2id_length": 7,
    "Spongebob": 1
  },
  "test_count_oov": {
    "dev_oov": 638,
    "test_oov": 1368
  },
  "test_prepare_data_loader": {
    "lengths": [
      110,
      16,
      32
    ]
  },
  "test_NERNet": {
    "f1": 0.9089868349047537,
    "f1_wo_o": 0.7167391404954413
  },
  "test_glove": {
    "f1": 0.911392663742855,
    "f1_wo_o": 0.7181473332099425
  }
}
